<?xml version="1.0" encoding="UTF-8"?>
<jcr:root xmlns:sling="http://sling.apache.org/jcr/sling/1.0" xmlns:granite="http://www.adobe.com/jcr/granite/1.0" xmlns:cq="http://www.day.com/jcr/cq/1.0" xmlns:jcr="http://www.jcp.org/jcr/1.0" xmlns:nt="http://www.jcp.org/jcr/nt/1.0"
    jcr:primaryType="nt:unstructured"
    jcr:title="Page"
    sling:resourceType="cq/gui/components/authoring/dialog"
    extraClientlibs="[cq.common.wcm,core.wcm.components.page.v2.editor,cq.wcm.msm.properties,granite.contexthub.configuration,cq.siteadmin.admin.properties]"
    helpPath="https://www.adobe.com/go/aem_cmp_page_v2"
    mode="edit"
    trackingFeature="core-components:page:v2">
    <content
        granite:class="cq-dialog-content-page"
        jcr:primaryType="nt:unstructured"
        sling:resourceType="granite/ui/components/coral/foundation/container">
        <items jcr:primaryType="nt:unstructured">
            <tabs
                granite:class="cq-siteadmin-admin-properties-tabs"
                jcr:primaryType="nt:unstructured"
                sling:resourceType="granite/ui/components/coral/foundation/tabs"
                size="L">
                <items jcr:primaryType="nt:unstructured">
                    <section
                        jcr:primaryType="nt:unstructured"
                        jcr:title="Section"
                        sling:resourceType="granite/ui/components/coral/foundation/fixedcolumns">
                        <items jcr:primaryType="nt:unstructured">
                            <column
                                jcr:primaryType="nt:unstructured"
                                sling:resourceType="granite/ui/components/coral/foundation/container">
                                <items jcr:primaryType="nt:unstructured">
                                    <sectionvariation
                                        jcr:primaryType="nt:unstructured"
                                        sling:resourceType="granite/ui/components/coral/foundation/form/select"
                                        fieldLabel="Select Section variation"
                                        name="./sectionVariation">
                                        <items jcr:primaryType="nt:unstructured">
                                            <header
                                                jcr:primaryType="nt:unstructured"
                                                text="Header"
                                                value="header"/>
                                            <features
                                                jcr:primaryType="nt:unstructured"
                                                text="Features"
                                                value="features"/>
                                            <banner
                                                jcr:primaryType="nt:unstructured"
                                                text="Banner"
                                                value="banner"/>
                                            <main
                                                jcr:primaryType="nt:unstructured"
                                                text="Main"
                                                value="main"/>
                                            <footer
                                                jcr:primaryType="nt:unstructured"
                                                text="Footer"
                                                value="footer"/>
                                        </items>
                                    </sectionvariation>
                                </items>
                            </column>
                        </items>
                    </section>
                </items>
            </tabs>
        </items>
    </content>
</jcr:root>
