<?xml version="1.0" encoding="UTF-8"?>
<jcr:root xmlns:sling="http://sling.apache.org/jcr/sling/1.0" xmlns:granite="http://www.adobe.com/jcr/granite/1.0" xmlns:cq="http://www.day.com/jcr/cq/1.0" xmlns:jcr="http://www.jcp.org/jcr/1.0" xmlns:nt="http://www.jcp.org/jcr/nt/1.0"
    jcr:primaryType="nt:unstructured"
    sling:resourceType="cq/gui/components/authoring/dialog"
    extraClientlibs="[core.wcm.components.title.v2.editor]"
    helpPath="https://www.adobe.com/go/aem_cmp_title_v2">
    <content
        jcr:primaryType="nt:unstructured"
        sling:resourceType="granite/ui/components/coral/foundation/fixedcolumns">
        <items jcr:primaryType="nt:unstructured">
            <column
                jcr:primaryType="nt:unstructured"
                sling:resourceType="granite/ui/components/coral/foundation/container">
                <items jcr:primaryType="nt:unstructured">
                    <products
                        jcr:primaryType="nt:unstructured"
                        sling:resourceType="granite/ui/components/coral/foundation/form/multifield"
                        composite="true"
                        fieldLabel="Menu bar">
                        <field
                            jcr:primaryType="nt:unstructured"
                            sling:resourceType="granite/ui/components/coral/foundation/container"
                            name="./nav">
                            <items
                                jcr:primaryType="nt:unstructured"
                                name="./items">
                                <title
                                    jcr:primaryType="nt:unstructured"
                                    sling:resourceType="granite/ui/components/coral/foundation/form/textfield"
                                    name="title"/>
                                <linkURL
                                    jcr:primaryType="nt:unstructured"
                                    sling:resourceType="cq/gui/components/coral/common/form/pagefield"
                                    checked="{Boolean}true"
                                    fieldDescription="Links the title. Path to a content page, external URL or page anchor."
                                    fieldLabel="Link"
                                    name="./linkURL"
                                    rootPath="/content/stronglytype">
                                    <granite:rendercondition
                                        jcr:primaryType="nt:unstructured"
                                        sling:resourceType="granite/ui/components/foundation/renderconditions/simple"
                                        expression="${!cqDesign.linkDisabled}"/>
                                </linkURL>
                                <newwindow
                                    jcr:primaryType="nt:unstructured"
                                    sling:resourceType="granite/ui/components/coral/foundation/form/checkbox"
                                    fieldDescription="check box if needed to open in new window"
                                    name="./newWindow"
                                    text="click to open URL in new window"
                                    value="on"/>
                            </items>
                        </field>
                    </products>
                </items>
            </column>
        </items>
    </content>
</jcr:root>
